{"cameraMode":{"drawMode":0,"name":"Shaded","section":"Shading Mode"},"sceneLighting":true,"audioPlay":false,"sceneViewState":{"m_AlwaysRefresh":false,"showFog":true,"showSkybox":true,"showFlares":true,"showImageEffects":true,"showParticleSystems":true,"showVisualEffectGraphs":true,"m_FxEnabled":true},"in2DMode":false,"pivot":{"x":-13.163264274597168,"y":6.9901227951049809,"z":74.83148193359375},"rotation":{"x":0.17771531641483308,"y":0.08843658864498139,"z":-0.016037466004490854,"w":0.9799706339836121},"size":11.03080940246582,"orthographic":true}