{"cameraMode":{"drawMode":0,"name":"Shaded","section":"Shading Mode"},"sceneLighting":true,"audioPlay":false,"sceneViewState":{"m_AlwaysRefresh":false,"showFog":true,"showSkybox":true,"showFlares":true,"showImageEffects":true,"showParticleSystems":true,"showVisualEffectGraphs":true,"m_FxEnabled":true},"in2DMode":false,"pivot":{"x":-0.1466711312532425,"y":9.628742218017579,"z":9.480632781982422},"rotation":{"x":0.19228701293468476,"y":0.008831914514303208,"z":-0.001730630174279213,"w":0.9812976717948914},"size":11.878419876098633,"orthographic":false}