{"cameraMode":{"drawMode":0,"name":"Shaded","section":"Shading Mode"},"sceneLighting":true,"audioPlay":false,"sceneViewState":{"m_AlwaysRefresh":false,"showFog":true,"showSkybox":true,"showFlares":true,"showImageEffects":true,"showParticleSystems":true,"showVisualEffectGraphs":true,"m_FxEnabled":true},"in2DMode":false,"pivot":{"x":4.948027610778809,"y":17.717113494873048,"z":74.66545867919922},"rotation":{"x":0.2904387414455414,"y":0.035872988402843478,"z":-0.010895956307649613,"w":0.9561637043952942},"size":30.632606506347658,"orthographic":true}