{"cameraMode":{"drawMode":0,"name":"Shaded","section":"Shading Mode"},"sceneLighting":false,"audioPlay":false,"sceneViewState":{"m_AlwaysRefresh":false,"showFog":true,"showSkybox":false,"showFlares":true,"showImageEffects":true,"showParticleSystems":true,"showVisualEffectGraphs":true,"m_FxEnabled":true},"in2DMode":false,"pivot":{"x":-80.12954711914063,"y":19.011394500732423,"z":4.552689552307129},"rotation":{"x":0.3765222430229187,"y":0.038892053067684177,"z":-0.015823259949684144,"w":0.9254557490348816},"size":34.53056335449219,"orthographic":false}